Workbook

Sheet Assumptions
A1: Landed Cost Assumptions (India -> Australia)
A2: Edit the yellow cells below with your real freight/customs/margin numbers.
A4: Item | B4: Value | C4: Note
A5: Freight (AUD/kg) | B5: 0.55 | C5: Placeholder - update with your actual freight quote
A6: Customs & Clearance (% of value) | B6: 0.05 | C6: Placeholder - update with your actual customs/duty rate
A7: Warehouse (AUD/kg) | B7: 0.15 | C7: Placeholder - update with your actual warehousing cost
A8: Delivery (AUD/kg) | B8: 0.1 | C8: Placeholder - update with your local delivery cost
A9: Desired Margin (% of landed cost) | B9: 0.12 | C9: Placeholder - update with your target margin

Sheet Price Log
A1: Date | B1: Variety | C1: Grade/Type | D1: Karnataka Price Low (Rs/50kg) | E1: Karnataka Price High (Rs/50kg) | F1: Change vs prior | G1: Source | H1: ICE Futures Price | I1: ICE Futures Unit | J1: AUD/INR | K1: USD/INR | L1: Est. AU Landed Cost (AUD/kg, milled-equivalent basis) | M1: AU Wholesale Quote - Sydney (AUD/kg, manual) | N1: AU Wholesale Quote - Newcastle (AUD/kg, manual) | O1: Bean Origin (manual, e.g. Indian/Brazilian) | P1: Notes | Q1: Mid Price (Rs/50kg) | R1: Weeks Tracked | S1: Tracked High (Rs/50kg) | T1: Tracked Low (Rs/50kg) | U1: Range Status | V1: Price (USD/kg) | W1: Global Benchmark (USD/kg) | X1: 3/6-Month Flag | Y1: Milled/Clean Equivalent (USD/kg) | Z1: Outturn % Used | AA1: Market Grade Name (Indian trade terminology)
A2: 46191 | B2: Arabica | C2: Parchment (AP) | D2: 22800 | E2: 23300 | F2: See notes | G2: Kirehalli (Sakleshpur/Chikmagalur) | H2: 275.1 | I2: US cents/lb (ICE Arabica) | J2: 67.4743 | K2: 96.6461 | L2: =((AVERAGE(D2:E2)/50/J2)/(IF(B2="Arabica",IF(ISNUMBER(SEARCH("Parchment",C2)),0.8,0.48),IF(ISNUMBER(SEARCH("Parchment",C2)),0.82,0.5))))*(1+Assumptions!$B$6)+Assumptions!$B$5+Assumptions!$B$7+Assumptions!$B$8+((AVERAGE(D2:E2)/50/J2)/(IF(B2="Arabica",IF(ISNUMBER(SEARCH("Parchment",C2)),0.8,0.48),IF(ISNUMBER(SEARCH("Parchment",C2)),0.82,0.5))))*Assumptions!$B$9 -> 10.792138 | P2: +Rs 700 AP / +Rs 50 RP | Q2: =AVERAGE(D2:E2) -> 23050 | R2: =(A2-_xlfn.MINIFS($A$2:A2,$B$2:B2,B2,$C$2:C2,C2))/7 -> 0 | S2: =_xlfn.MAXIFS($Q$2:Q2,$B$2:B2,B2,$C$2:C2,C2) -> 23050 | T2: =_xlfn.MINIFS($Q$2:Q2,$B$2:B2,B2,$C$2:C2,C2) -> 23050 | U2: =IF(R2<1,"Day 1 - building history",IF(Q2>=S2,TEXT(ROUND(R2,0),"0")&"-wk high (since tracking began)",IF(Q2<=T2,TEXT(ROUND(R2,0),"0")&"-wk low (since tracking began)",TEXT(ROUND(R2,0),"0")&"-wk range, mid-range"))) -> Day 1 - building history | V2: =Q2/50/K2 -> 4.7699804 | W2: =IF(B2="Arabica",H2/100/0.45359237,H2/1000) -> 6.0649168 | X2: =IF(AND((A2-_xlfn.MINIFS($A$2:A2,$B$2:B2,B2,$C$2:C2,C2))>=180,Q2<=_xlfn.MINIFS($Q$2:Q2,$B$2:B2,B2,$C$2:C2,C2,$A$2:A2,">="&(A2-180))),"6-MONTH LOW - historically cheap, safer to buy",IF(AND((A2-_xlfn.MINIFS($A$2:A2,$B$2:B2,B2,$C$2:C2,C2))>=180,Q2>=_xlfn.MAXIFS($Q$2:Q2,$B$2:B2,B2,$C$2:C2,C2,$A$2:A2,">="&(A2-180))),"6-MONTH HIGH - historically expensive, riskier to buy",IF(AND((A2-_xlfn.MINIFS($A$2:A2,$B$2:B2,B2,$C$2:C2,C2))>=90,Q2<=_xlfn.MINIFS($Q$2:Q2,$B$2:B2,B2,$C$2:C2,C2,$A$2:A2,">="&(A2-90))),"3-MONTH LOW - historically cheap, safer to buy",IF(AND((A2-_xlfn.MINIFS($A$2:A2,$B$2:B2,B2,$C$2:C2,C2))>=90,Q2>=_xlfn.MAXIFS($Q$2:Q2,$B$2:B2,B2,$C$2:C2,C2,$A$2:A2,">="&(A2-90))),"3-MONTH HIGH - historically expensive, riskier to buy",IF((A2-_xlfn.MINIFS($A$2:A2,$B$2:B2,B2,$C$2:C2,C2))>=90,"within 3/6-month range","N/A - insufficient history yet (need 90+ days)"))))) -> N/A - insufficient history yet (need 90+ days) | Y2: =V2/IF(B2="Arabica",IF(ISNUMBER(SEARCH("Parchment",C2)),0.8,0.48),IF(ISNUMBER(SEARCH("Parchment",C2)),0.82,0.5)) -> 5.9624755 | Z2: =IF(B2="Arabica",IF(ISNUMBER(SEARCH("Parchment",C2)),"80%","48%"),IF(ISNUMBER(SEARCH("Parchment",C2)),"82%","50%")) -> 80% | AA2: =IF(B2="Arabica",IF(ISNUMBER(SEARCH("Parchment",C2)),"Arabica Plantation (estimated milled)","Arabica Cherry (estimated milled)"),IF(ISNUMBER(SEARCH("Parchment",C2)),"Robusta Parchment (estimated milled)","Robusta Cherry (estimated milled)")) -> Arabica Plantation (estimated milled)
A3: 46191 | B3: Arabica | C3: Cherry (AC) | D3: 12750 | E3: 14250 | F3: See notes | G3: Kirehalli (Sakleshpur/Chikmagalur) | H3: 275.1 | I3: US cents/lb (ICE Arabica) | J3: 67.4743 | K3: 96.6461 | L3: =((AVERAGE(D3:E3)/50/J3)/(IF(B3="Arabica",IF(ISNUMBER(SEARCH("Parchment",C3)),0.8,0.48),IF(ISNUMBER(SEARCH("Parchment",C3)),0.82,0.5))))*(1+Assumptions!$B$6)+Assumptions!$B$5+Assumptions!$B$7+Assumptions!$B$8+((AVERAGE(D3:E3)/50/J3)/(IF(B3="Arabica",IF(ISNUMBER(SEARCH("Parchment",C3)),0.8,0.48),IF(ISNUMBER(SEARCH("Parchment",C3)),0.82,0.5))))*Assumptions!$B$9 -> 10.553714 | P3: ICE Jul contract; ICE Robusta $3685/t | Q3: =AVERAGE(D3:E3) -> 13500 | R3: =(A3-_xlfn.MINIFS($A$2:A3,$B$2:B3,B3,$C$2:C3,C3))/7 -> 0 | S3: =_xlfn.MAXIFS($Q$2:Q3,$B$2:B3,B3,$C$2:C3,C3) -> 13500 | T3: =_xlfn.MINIFS($Q$2:Q3,$B$2:B3,B3,$C$2:C3,C3) -> 13500 | U3: =IF(R3<1,"Day 1 - building history",IF(Q3>=S3,TEXT(ROUND(R3,0),"0")&"-wk high (since tracking began)",IF(Q3<=T3,TEXT(ROUND(R3,0),"0")&"-wk low (since tracking began)",TEXT(ROUND(R3,0),"0")&"-wk range, mid-range"))) -> Day 1 - building history | V3: =Q3/50/K3 -> 2.7936978 | W3: =IF(B3="Arabica",H3/100/0.45359237,H3/1000) -> 6.0649168 | X3: =IF(AND((A3-_xlfn.MINIFS($A$2:A3,$B$2:B3,B3,$C$2:C3,C3))>=180,Q3<=_xlfn.MINIFS($Q$2:Q3,$B$2:B3,B3,$C$2:C3,C3,$A$2:A3,">="&(A3-180))),"6-MONTH LOW - historically cheap, safer to buy",IF(AND((A3-_xlfn.MINIFS($A$2:A3,$B$2:B3,B3,$C$2:C3,C3))>=180,Q3>=_xlfn.MAXIFS($Q$2:Q3,$B$2:B3,B3,$C$2:C3,C3,$A$2:A3,">="&(A3-180))),"6-MONTH HIGH - historically expensive, riskier to buy",IF(AND((A3-_xlfn.MINIFS($A$2:A3,$B$2:B3,B3,$C$2:C3,C3))>=90,Q3<=_xlfn.MINIFS($Q$2:Q3,$B$2:B3,B3,$C$2:C3,C3,$A$2:A3,">="&(A3-90))),"3-MONTH LOW - historically cheap, safer to buy",IF(AND((A3-_xlfn.MINIFS($A$2:A3,$B$2:B3,B3,$C$2:C3,C3))>=90,Q3>=_xlfn.MAXIFS($Q$2:Q3,$B$2:B3,B3,$C$2:C3,C3,$A$2:A3,">="&(A3-90))),"3-MONTH HIGH - historically expensive, riskier to buy",IF((A3-_xlfn.MINIFS($A$2:A3,$B$2:B3,B3,$C$2:C3,C3))>=90,"within 3/6-month range","N/A - insufficient history yet (need 90+ days)"))))) -> N/A - insufficient history yet (need 90+ days) | Y3: =V3/IF(B3="Arabica",IF(ISNUMBER(SEARCH("Parchment",C3)),0.8,0.48),IF(ISNUMBER(SEARCH("Parchment",C3)),0.82,0.5)) -> 5.8202038 | Z3: =IF(B3="Arabica",IF(ISNUMBER(SEARCH("Parchment",C3)),"80%","48%"),IF(ISNUMBER(SEARCH("Parchment",C3)),"82%","50%")) -> 48% | AA3: =IF(B3="Arabica",IF(ISNUMBER(SEARCH("Parchment",C3)),"Arabica Plantation (estimated milled)","Arabica Cherry (estimated milled)"),IF(ISNUMBER(SEARCH("Parchment",C3)),"Robusta Parchment (estimated milled)","Robusta Cherry (estimated milled)")) -> Arabica Cherry (estimated milled)
A4: 46191 | B4: Robusta | C4: Parchment (RP) | D4: 17700 | E4: 18300 | F4: See notes | G4: Kirehalli (Sakleshpur/Chikmagalur) | H4: 3685 | I4: USD/tonne (ICE Robusta) | J4: 67.4743 | K4: 96.6461 | L4: =((AVERAGE(D4:E4)/50/J4)/(IF(B4="Arabica",IF(ISNUMBER(SEARCH("Parchment",C4)),0.8,0.48),IF(ISNUMBER(SEARCH("Parchment",C4)),0.82,0.5))))*(1+Assumptions!$B$6)+Assumptions!$B$5+Assumptions!$B$7+Assumptions!$B$8+((AVERAGE(D4:E4)/50/J4)/(IF(B4="Arabica",IF(ISNUMBER(SEARCH("Parchment",C4)),0.8,0.48),IF(ISNUMBER(SEARCH("Parchment",C4)),0.82,0.5))))*Assumptions!$B$9 -> 8.4126545 | P4: +Rs 700 AP / +Rs 50 RP | Q4: =AVERAGE(D4:E4) -> 18000 | R4: =(A4-_xlfn.MINIFS($A$2:A4,$B$2:B4,B4,$C$2:C4,C4))/7 -> 0 | S4: =_xlfn.MAXIFS($Q$2:Q4,$B$2:B4,B4,$C$2:C4,C4) -> 18000 | T4: =_xlfn.MINIFS($Q$2:Q4,$B$2:B4,B4,$C$2:C4,C4) -> 18000 | U4: =IF(R4<1,"Day 1 - building history",IF(Q4>=S4,TEXT(ROUND(R4,0),"0")&"-wk high (since tracking began)",IF(Q4<=T4,TEXT(ROUND(R4,0),"0")&"-wk low (since tracking began)",TEXT(ROUND(R4,0),"0")&"-wk range, mid-range"))) -> Day 1 - building history | V4: =Q4/50/K4 -> 3.7249304 | W4: =IF(B4="Arabica",H4/100/0.45359237,H4/1000) -> 3.685 | X4: =IF(AND((A4-_xlfn.MINIFS($A$2:A4,$B$2:B4,B4,$C$2:C4,C4))>=180,Q4<=_xlfn.MINIFS($Q$2:Q4,$B$2:B4,B4,$C$2:C4,C4,$A$2:A4,">="&(A4-180))),"6-MONTH LOW - historically cheap, safer to buy",IF(AND((A4-_xlfn.MINIFS($A$2:A4,$B$2:B4,B4,$C$2:C4,C4))>=180,Q4>=_xlfn.MAXIFS($Q$2:Q4,$B$2:B4,B4,$C$2:C4,C4,$A$2:A4,">="&(A4-180))),"6-MONTH HIGH - historically expensive, riskier to buy",IF(AND((A4-_xlfn.MINIFS($A$2:A4,$B$2:B4,B4,$C$2:C4,C4))>=90,Q4<=_xlfn.MINIFS($Q$2:Q4,$B$2:B4,B4,$C$2:C4,C4,$A$2:A4,">="&(A4-90))),"3-MONTH LOW - historically cheap, safer to buy",IF(AND((A4-_xlfn.MINIFS($A$2:A4,$B$2:B4,B4,$C$2:C4,C4))>=90,Q4>=_xlfn.MAXIFS($Q$2:Q4,$B$2:B4,B4,$C$2:C4,C4,$A$2:A4,">="&(A4-90))),"3-MONTH HIGH - historically expensive, riskier to buy",IF((A4-_xlfn.MINIFS($A$2:A4,$B$2:B4,B4,$C$2:C4,C4))>=90,"within 3/6-month range","N/A - insufficient history yet (need 90+ days)"))))) -> N/A - insufficient history yet (need 90+ days) | Y4: =V4/IF(B4="Arabica",IF(ISNUMBER(SEARCH("Parchment",C4)),0.8,0.48),IF(ISNUMBER(SEARCH("Parchment",C4)),0.82,0.5)) -> 4.5425981 | Z4: =IF(B4="Arabica",IF(ISNUMBER(SEARCH("Parchment",C4)),"80%","48%"),IF(ISNUMBER(SEARCH("Parchment",C4)),"82%","50%")) -> 82% | AA4: =IF(B4="Arabica",IF(ISNUMBER(SEARCH("Parchment",C4)),"Arabica Plantation (estimated milled)","Arabica Cherry (estimated milled)"),IF(ISNUMBER(SEARCH("Parchment",C4)),"Robusta Parchment (estimated milled)","Robusta Cherry (estimated milled)")) -> Robusta Parchment (estimated milled)
A5: 46191 | B5: Robusta | C5: Cherry (RC) | D5: 9400 | E5: 10200 | F5: See notes | G5: Kirehalli (Sakleshpur/Chikmagalur) | H5: 3685 | I5: USD/tonne (ICE Robusta) | J5: 67.4743 | K5: 96.6461 | L5: =((AVERAGE(D5:E5)/50/J5)/(IF(B5="Arabica",IF(ISNUMBER(SEARCH("Parchment",C5)),0.8,0.48),IF(ISNUMBER(SEARCH("Parchment",C5)),0.82,0.5))))*(1+Assumptions!$B$6)+Assumptions!$B$5+Assumptions!$B$7+Assumptions!$B$8+((AVERAGE(D5:E5)/50/J5)/(IF(B5="Arabica",IF(ISNUMBER(SEARCH("Parchment",C5)),0.8,0.48),IF(ISNUMBER(SEARCH("Parchment",C5)),0.82,0.5))))*Assumptions!$B$9 -> 7.5972547 | P5: ICE Jul contract; ICE Robusta $3685/t | Q5: =AVERAGE(D5:E5) -> 9800 | R5: =(A5-_xlfn.MINIFS($A$2:A5,$B$2:B5,B5,$C$2:C5,C5))/7 -> 0 | S5: =_xlfn.MAXIFS($Q$2:Q5,$B$2:B5,B5,$C$2:C5,C5) -> 9800 | T5: =_xlfn.MINIFS($Q$2:Q5,$B$2:B5,B5,$C$2:C5,C5) -> 9800 | U5: =IF(R5<1,"Day 1 - building history",IF(Q5>=S5,TEXT(ROUND(R5,0),"0")&"-wk high (since tracking began)",IF(Q5<=T5,TEXT(ROUND(R5,0),"0")&"-wk low (since tracking began)",TEXT(ROUND(R5,0),"0")&"-wk range, mid-range"))) -> Day 1 - building history | V5: =Q5/50/K5 -> 2.0280177 | W5: =IF(B5="Arabica",H5/100/0.45359237,H5/1000) -> 3.685 | X5: =IF(AND((A5-_xlfn.MINIFS($A$2:A5,$B$2:B5,B5,$C$2:C5,C5))>=180,Q5<=_xlfn.MINIFS($Q$2:Q5,$B$2:B5,B5,$C$2:C5,C5,$A$2:A5,">="&(A5-180))),"6-MONTH LOW - historically cheap, safer to buy",IF(AND((A5-_xlfn.MINIFS($A$2:A5,$B$2:B5,B5,$C$2:C5,C5))>=180,Q5>=_xlfn.MAXIFS($Q$2:Q5,$B$2:B5,B5,$C$2:C5,C5,$A$2:A5,">="&(A5-180))),"6-MONTH HIGH - historically expensive, riskier to buy",IF(AND((A5-_xlfn.MINIFS($A$2:A5,$B$2:B5,B5,$C$2:C5,C5))>=90,Q5<=_xlfn.MINIFS($Q$2:Q5,$B$2:B5,B5,$C$2:C5,C5,$A$2:A5,">="&(A5-90))),"3-MONTH LOW - historically cheap, safer to buy",IF(AND((A5-_xlfn.MINIFS($A$2:A5,$B$2:B5,B5,$C$2:C5,C5))>=90,Q5>=_xlfn.MAXIFS($Q$2:Q5,$B$2:B5,B5,$C$2:C5,C5,$A$2:A5,">="&(A5-90))),"3-MONTH HIGH - historically expensive, riskier to buy",IF((A5-_xlfn.MINIFS($A$2:A5,$B$2:B5,B5,$C$2:C5,C5))>=90,"within 3/6-month range","N/A - insufficient history yet (need 90+ days)"))))) -> N/A - insufficient history yet (need 90+ days) | Y5: =V5/IF(B5="Arabica",IF(ISNUMBER(SEARCH("Parchment",C5)),0.8,0.48),IF(ISNUMBER(SEARCH("Parchment",C5)),0.82,0.5)) -> 4.0560354 | Z5: =IF(B5="Arabica",IF(ISNUMBER(SEARCH("Parchment",C5)),"80%","48%"),IF(ISNUMBER(SEARCH("Parchment",C5)),"82%","50%")) -> 50% | AA5: =IF(B5="Arabica",IF(ISNUMBER(SEARCH("Parchment",C5)),"Arabica Plantation (estimated milled)","Arabica Cherry (estimated milled)"),IF(ISNUMBER(SEARCH("Parchment",C5)),"Robusta Parchment (estimated milled)","Robusta Cherry (estimated milled)")) -> Robusta Cherry (estimated milled)
A6: 46197 | B6: Arabica | C6: Parchment (AP) | D6: 22600 | E6: 23000 | F6: See notes | G6: Kirehalli (Sakleshpur/Chikmagalur) | H6: 277.2 | I6: US cents/lb (ICE Arabica) | J6: 67.4743 | K6: 96.6461 | L6: =((AVERAGE(D6:E6)/50/J6)/(IF(B6="Arabica",IF(ISNUMBER(SEARCH("Parchment",C6)),0.8,0.48),IF(ISNUMBER(SEARCH("Parchment",C6)),0.82,0.5))))*(1+Assumptions!$B$6)+Assumptions!$B$5+Assumptions!$B$7+Assumptions!$B$8+((AVERAGE(D6:E6)/50/J6)/(IF(B6="Arabica",IF(ISNUMBER(SEARCH("Parchment",C6)),0.8,0.48),IF(ISNUMBER(SEARCH("Parchment",C6)),0.82,0.5))))*Assumptions!$B$9 -> 10.683763 | P6: +Rs 50 AP, rest flat | Q6: =AVERAGE(D6:E6) -> 22800 | R6: =(A6-_xlfn.MINIFS($A$2:A6,$B$2:B6,B6,$C$2:C6,C6))/7 -> 0.85714286 | S6: =_xlfn.MAXIFS($Q$2:Q6,$B$2:B6,B6,$C$2:C6,C6) -> 23050 | T6: =_xlfn.MINIFS($Q$2:Q6,$B$2:B6,B6,$C$2:C6,C6) -> 22800 | U6: =IF(R6<1,"Day 1 - building history",IF(Q6>=S6,TEXT(ROUND(R6,0),"0")&"-wk high (since tracking began)",IF(Q6<=T6,TEXT(ROUND(R6,0),"0")&"-wk low (since tracking began)",TEXT(ROUND(R6,0),"0")&"-wk range, mid-range"))) -> Day 1 - building history | V6: =Q6/50/K6 -> 4.7182452 | W6: =IF(B6="Arabica",H6/100/0.45359237,H6/1000) -> 6.1112139 | X6: =IF(AND((A6-_xlfn.MINIFS($A$2:A6,$B$2:B6,B6,$C$2:C6,C6))>=180,Q6<=_xlfn.MINIFS($Q$2:Q6,$B$2:B6,B6,$C$2:C6,C6,$A$2:A6,">="&(A6-180))),"6-MONTH LOW - historically cheap, safer to buy",IF(AND((A6-_xlfn.MINIFS($A$2:A6,$B$2:B6,B6,$C$2:C6,C6))>=180,Q6>=_xlfn.MAXIFS($Q$2:Q6,$B$2:B6,B6,$C$2:C6,C6,$A$2:A6,">="&(A6-180))),"6-MONTH HIGH - historically expensive, riskier to buy",IF(AND((A6-_xlfn.MINIFS($A$2:A6,$B$2:B6,B6,$C$2:C6,C6))>=90,Q6<=_xlfn.MINIFS($Q$2:Q6,$B$2:B6,B6,$C$2:C6,C6,$A$2:A6,">="&(A6-90))),"3-MONTH LOW - historically cheap, safer to buy",IF(AND((A6-_xlfn.MINIFS($A$2:A6,$B$2:B6,B6,$C$2:C6,C6))>=90,Q6>=_xlfn.MAXIFS($Q$2:Q6,$B$2:B6,B6,$C$2:C6,C6,$A$2:A6,">="&(A6-90))),"3-MONTH HIGH - historically expensive, riskier to buy",IF((A6-_xlfn.MINIFS($A$2:A6,$B$2:B6,B6,$C$2:C6,C6))>=90,"within 3/6-month range","N/A - insufficient history yet (need 90+ days)"))))) -> N/A - insufficient history yet (need 90+ days) | Y6: =V6/IF(B6="Arabica",IF(ISNUMBER(SEARCH("Parchment",C6)),0.8,0.48),IF(ISNUMBER(SEARCH("Parchment",C6)),0.82,0.5)) -> 5.8978065 | Z6: =IF(B6="Arabica",IF(ISNUMBER(SEARCH("Parchment",C6)),"80%","48%"),IF(ISNUMBER(SEARCH("Parchment",C6)),"82%","50%")) -> 80% | AA6: =IF(B6="Arabica",IF(ISNUMBER(SEARCH("Parchment",C6)),"Arabica Plantation (estimated milled)","Arabica Cherry (estimated milled)"),IF(ISNUMBER(SEARCH("Parchment",C6)),"Robusta Parchment (estimated milled)","Robusta Cherry (estimated milled)")) -> Arabica Plantation (estimated milled)
A7: 46197 | B7: Arabica | C7: Cherry (AC) | D7: 12750 | E7: 14250 | F7: See notes | G7: Kirehalli (Sakleshpur/Chikmagalur) | H7: 277.2 | I7: US cents/lb (ICE Arabica) | J7: 67.4743 | K7: 96.6461 | L7: =((AVERAGE(D7:E7)/50/J7)/(IF(B7="Arabica",IF(ISNUMBER(SEARCH("Parchment",C7)),0.8,0.48),IF(ISNUMBER(SEARCH("Parchment",C7)),0.82,0.5))))*(1+Assumptions!$B$6)+Assumptions!$B$5+Assumptions!$B$7+Assumptions!$B$8+((AVERAGE(D7:E7)/50/J7)/(IF(B7="Arabica",IF(ISNUMBER(SEARCH("Parchment",C7)),0.8,0.48),IF(ISNUMBER(SEARCH("Parchment",C7)),0.82,0.5))))*Assumptions!$B$9 -> 10.553714 | P7: 6-week high per Kirehalli; contract rolled to Sep Arabica | Q7: =AVERAGE(D7:E7) -> 13500 | R7: =(A7-_xlfn.MINIFS($A$2:A7,$B$2:B7,B7,$C$2:C7,C7))/7 -> 0.85714286 | S7: =_xlfn.MAXIFS($Q$2:Q7,$B$2:B7,B7,$C$2:C7,C7) -> 13500 | T7: =_xlfn.MINIFS($Q$2:Q7,$B$2:B7,B7,$C$2:C7,C7) -> 13500 | U7: =IF(R7<1,"Day 1 - building history",IF(Q7>=S7,TEXT(ROUND(R7,0),"0")&"-wk high (since tracking began)",IF(Q7<=T7,TEXT(ROUND(R7,0),"0")&"-wk low (since tracking began)",TEXT(ROUND(R7,0),"0")&"-wk range, mid-range"))) -> Day 1 - building history | V7: =Q7/50/K7 -> 2.7936978 | W7: =IF(B7="Arabica",H7/100/0.45359237,H7/1000) -> 6.1112139 | X7: =IF(AND((A7-_xlfn.MINIFS($A$2:A7,$B$2:B7,B7,$C$2:C7,C7))>=180,Q7<=_xlfn.MINIFS($Q$2:Q7,$B$2:B7,B7,$C$2:C7,C7,$A$2:A7,">="&(A7-180))),"6-MONTH LOW - historically cheap, safer to buy",IF(AND((A7-_xlfn.MINIFS($A$2:A7,$B$2:B7,B7,$C$2:C7,C7))>=180,Q7>=_xlfn.MAXIFS($Q$2:Q7,$B$2:B7,B7,$C$2:C7,C7,$A$2:A7,">="&(A7-180))),"6-MONTH HIGH - historically expensive, riskier to buy",IF(AND((A7-_xlfn.MINIFS($A$2:A7,$B$2:B7,B7,$C$2:C7,C7))>=90,Q7<=_xlfn.MINIFS($Q$2:Q7,$B$2:B7,B7,$C$2:C7,C7,$A$2:A7,">="&(A7-90))),"3-MONTH LOW - historically cheap, safer to buy",IF(AND((A7-_xlfn.MINIFS($A$2:A7,$B$2:B7,B7,$C$2:C7,C7))>=90,Q7>=_xlfn.MAXIFS($Q$2:Q7,$B$2:B7,B7,$C$2:C7,C7,$A$2:A7,">="&(A7-90))),"3-MONTH HIGH - historically expensive, riskier to buy",IF((A7-_xlfn.MINIFS($A$2:A7,$B$2:B7,B7,$C$2:C7,C7))>=90,"within 3/6-month range","N/A - insufficient history yet (need 90+ days)"))))) -> N/A - insufficient history yet (need 90+ days) | Y7: =V7/IF(B7="Arabica",IF(ISNUMBER(SEARCH("Parchment",C7)),0.8,0.48),IF(ISNUMBER(SEARCH("Parchment",C7)),0.82,0.5)) -> 5.8202038 | Z7: =IF(B7="Arabica",IF(ISNUMBER(SEARCH("Parchment",C7)),"80%","48%"),IF(ISNUMBER(SEARCH("Parchment",C7)),"82%","50%")) -> 48% | AA7: =IF(B7="Arabica",IF(ISNUMBER(SEARCH("Parchment",C7)),"Arabica Plantation (estimated milled)","Arabica Cherry (estimated milled)"),IF(ISNUMBER(SEARCH("Parchment",C7)),"Robusta Parchment (estimated milled)","Robusta Cherry (estimated milled)")) -> Arabica Cherry (estimated milled)
A8: 46197 | B8: Robusta | C8: Parchment (RP) | D8: 17800 | E8: 18300 | F8: See notes | G8: Kirehalli (Sakleshpur/Chikmagalur) | H8: 3707 | I8: USD/tonne (ICE Robusta) | J8: 67.4743 | K8: 96.6461 | L8: =((AVERAGE(D8:E8)/50/J8)/(IF(B8="Arabica",IF(ISNUMBER(SEARCH("Parchment",C8)),0.8,0.48),IF(ISNUMBER(SEARCH("Parchment",C8)),0.82,0.5))))*(1+Assumptions!$B$6)+Assumptions!$B$5+Assumptions!$B$7+Assumptions!$B$8+((AVERAGE(D8:E8)/50/J8)/(IF(B8="Arabica",IF(ISNUMBER(SEARCH("Parchment",C8)),0.8,0.48),IF(ISNUMBER(SEARCH("Parchment",C8)),0.82,0.5))))*Assumptions!$B$9 -> 8.4338008 | P8: 6-week high per Kirehalli; contract rolled to Sep Arabica | Q8: =AVERAGE(D8:E8) -> 18050 | R8: =(A8-_xlfn.MINIFS($A$2:A8,$B$2:B8,B8,$C$2:C8,C8))/7 -> 0.85714286 | S8: =_xlfn.MAXIFS($Q$2:Q8,$B$2:B8,B8,$C$2:C8,C8) -> 18050 | T8: =_xlfn.MINIFS($Q$2:Q8,$B$2:B8,B8,$C$2:C8,C8) -> 18000 | U8: =IF(R8<1,"Day 1 - building history",IF(Q8>=S8,TEXT(ROUND(R8,0),"0")&"-wk high (since tracking began)",IF(Q8<=T8,TEXT(ROUND(R8,0),"0")&"-wk low (since tracking began)",TEXT(ROUND(R8,0),"0")&"-wk range, mid-range"))) -> Day 1 - building history | V8: =Q8/50/K8 -> 3.7352775 | W8: =IF(B8="Arabica",H8/100/0.45359237,H8/1000) -> 3.707 | X8: =IF(AND((A8-_xlfn.MINIFS($A$2:A8,$B$2:B8,B8,$C$2:C8,C8))>=180,Q8<=_xlfn.MINIFS($Q$2:Q8,$B$2:B8,B8,$C$2:C8,C8,$A$2:A8,">="&(A8-180))),"6-MONTH LOW - historically cheap, safer to buy",IF(AND((A8-_xlfn.MINIFS($A$2:A8,$B$2:B8,B8,$C$2:C8,C8))>=180,Q8>=_xlfn.MAXIFS($Q$2:Q8,$B$2:B8,B8,$C$2:C8,C8,$A$2:A8,">="&(A8-180))),"6-MONTH HIGH - historically expensive, riskier to buy",IF(AND((A8-_xlfn.MINIFS($A$2:A8,$B$2:B8,B8,$C$2:C8,C8))>=90,Q8<=_xlfn.MINIFS($Q$2:Q8,$B$2:B8,B8,$C$2:C8,C8,$A$2:A8,">="&(A8-90))),"3-MONTH LOW - historically cheap, safer to buy",IF(AND((A8-_xlfn.MINIFS($A$2:A8,$B$2:B8,B8,$C$2:C8,C8))>=90,Q8>=_xlfn.MAXIFS($Q$2:Q8,$B$2:B8,B8,$C$2:C8,C8,$A$2:A8,">="&(A8-90))),"3-MONTH HIGH - historically expensive, riskier to buy",IF((A8-_xlfn.MINIFS($A$2:A8,$B$2:B8,B8,$C$2:C8,C8))>=90,"within 3/6-month range","N/A - insufficient history yet (need 90+ days)"))))) -> N/A - insufficient history yet (need 90+ days) | Y8: =V8/IF(B8="Arabica",IF(ISNUMBER(SEARCH("Parchment",C8)),0.8,0.48),IF(ISNUMBER(SEARCH("Parchment",C8)),0.82,0.5)) -> 4.5552164 | Z8: =IF(B8="Arabica",IF(ISNUMBER(SEARCH("Parchment",C8)),"80%","48%"),IF(ISNUMBER(SEARCH("Parchment",C8)),"82%","50%")) -> 82% | AA8: =IF(B8="Arabica",IF(ISNUMBER(SEARCH("Parchment",C8)),"Arabica Plantation (estimated milled)","Arabica Cherry (estimated milled)"),IF(ISNUMBER(SEARCH("Parchment",C8)),"Robusta Parchment (estimated milled)","Robusta Cherry (estimated milled)")) -> Robusta Parchment (estimated milled)
A9: 46197 | B9: Robusta | C9: Cherry (RC) | D9: 9500 | E9: 10300 | F9: See notes | G9: Kirehalli (Sakleshpur/Chikmagalur) | H9: 3707 | I9: USD/tonne (ICE Robusta) | J9: 67.4743 | K9: 96.6461 | L9: =((AVERAGE(D9:E9)/50/J9)/(IF(B9="Arabica",IF(ISNUMBER(SEARCH("Parchment",C9)),0.8,0.48),IF(ISNUMBER(SEARCH("Parchment",C9)),0.82,0.5))))*(1+Assumptions!$B$6)+Assumptions!$B$5+Assumptions!$B$7+Assumptions!$B$8+((AVERAGE(D9:E9)/50/J9)/(IF(B9="Arabica",IF(ISNUMBER(SEARCH("Parchment",C9)),0.8,0.48),IF(ISNUMBER(SEARCH("Parchment",C9)),0.82,0.5))))*Assumptions!$B$9 -> 7.6666144 | P9: 6-week high per Kirehalli; contract rolled to Sep Arabica | Q9: =AVERAGE(D9:E9) -> 9900 | R9: =(A9-_xlfn.MINIFS($A$2:A9,$B$2:B9,B9,$C$2:C9,C9))/7 -> 0.85714286 | S9: =_xlfn.MAXIFS($Q$2:Q9,$B$2:B9,B9,$C$2:C9,C9) -> 9900 | T9: =_xlfn.MINIFS($Q$2:Q9,$B$2:B9,B9,$C$2:C9,C9) -> 9800 | U9: =IF(R9<1,"Day 1 - building history",IF(Q9>=S9,TEXT(ROUND(R9,0),"0")&"-wk high (since tracking began)",IF(Q9<=T9,TEXT(ROUND(R9,0),"0")&"-wk low (since tracking began)",TEXT(ROUND(R9,0),"0")&"-wk range, mid-range"))) -> Day 1 - building history | V9: =Q9/50/K9 -> 2.0487117 | W9: =IF(B9="Arabica",H9/100/0.45359237,H9/1000) -> 3.707 | X9: =IF(AND((A9-_xlfn.MINIFS($A$2:A9,$B$2:B9,B9,$C$2:C9,C9))>=180,Q9<=_xlfn.MINIFS($Q$2:Q9,$B$2:B9,B9,$C$2:C9,C9,$A$2:A9,">="&(A9-180))),"6-MONTH LOW - historically cheap, safer to buy",IF(AND((A9-_xlfn.MINIFS($A$2:A9,$B$2:B9,B9,$C$2:C9,C9))>=180,Q9>=_xlfn.MAXIFS($Q$2:Q9,$B$2:B9,B9,$C$2:C9,C9,$A$2:A9,">="&(A9-180))),"6-MONTH HIGH - historically expensive, riskier to buy",IF(AND((A9-_xlfn.MINIFS($A$2:A9,$B$2:B9,B9,$C$2:C9,C9))>=90,Q9<=_xlfn.MINIFS($Q$2:Q9,$B$2:B9,B9,$C$2:C9,C9,$A$2:A9,">="&(A9-90))),"3-MONTH LOW - historically cheap, safer to buy",IF(AND((A9-_xlfn.MINIFS($A$2:A9,$B$2:B9,B9,$C$2:C9,C9))>=90,Q9>=_xlfn.MAXIFS($Q$2:Q9,$B$2:B9,B9,$C$2:C9,C9,$A$2:A9,">="&(A9-90))),"3-MONTH HIGH - historically expensive, riskier to buy",IF((A9-_xlfn.MINIFS($A$2:A9,$B$2:B9,B9,$C$2:C9,C9))>=90,"within 3/6-month range","N/A - insufficient history yet (need 90+ days)"))))) -> N/A - insufficient history yet (need 90+ days) | Y9: =V9/IF(B9="Arabica",IF(ISNUMBER(SEARCH("Parchment",C9)),0.8,0.48),IF(ISNUMBER(SEARCH("Parchment",C9)),0.82,0.5)) -> 4.0974235 | Z9: =IF(B9="Arabica",IF(ISNUMBER(SEARCH("Parchment",C9)),"80%","48%"),IF(ISNUMBER(SEARCH("Parchment",C9)),"82%","50%")) -> 50% | AA9: =IF(B9="Arabica",IF(ISNUMBER(SEARCH("Parchment",C9)),"Arabica Plantation (estimated milled)","Arabica Cherry (estimated milled)"),IF(ISNUMBER(SEARCH("Parchment",C9)),"Robusta Parchment (estimated milled)","Robusta Cherry (estimated milled)")) -> Robusta Cherry (estimated milled)
A10: 46204 | B10: Arabica | C10: Parchment (AP) | D10: 23000 | E10: 23700 | F10: See notes | G10: Kirehalli (Sakleshpur/Chikmagalur) | H10: 309.9 | I10: US cents/lb (ICE Arabica) | J10: 67.4743 | K10: 96.6461 | L10: =((AVERAGE(D10:E10)/50/J10)/(IF(B10="Arabica",IF(ISNUMBER(SEARCH("Parchment",C10)),0.8,0.48),IF(ISNUMBER(SEARCH("Parchment",C10)),0.82,0.5))))*(1+Assumptions!$B$6)+Assumptions!$B$5+Assumptions!$B$7+Assumptions!$B$8+((AVERAGE(D10:E10)/50/J10)/(IF(B10="Arabica",IF(ISNUMBER(SEARCH("Parchment",C10)),0.8,0.48),IF(ISNUMBER(SEARCH("Parchment",C10)),0.82,0.5))))*Assumptions!$B$9 -> 10.922187 | P10: +Rs 400 AP, +Rs 100 RC | Q10: =AVERAGE(D10:E10) -> 23350 | R10: =(A10-_xlfn.MINIFS($A$2:A10,$B$2:B10,B10,$C$2:C10,C10))/7 -> 1.8571429 | S10: =_xlfn.MAXIFS($Q$2:Q10,$B$2:B10,B10,$C$2:C10,C10) -> 23350 | T10: =_xlfn.MINIFS($Q$2:Q10,$B$2:B10,B10,$C$2:C10,C10) -> 22800 | U10: =IF(R10<1,"Day 1 - building history",IF(Q10>=S10,TEXT(ROUND(R10,0),"0")&"-wk high (since tracking began)",IF(Q10<=T10,TEXT(ROUND(R10,0),"0")&"-wk low (since tracking began)",TEXT(ROUND(R10,0),"0")&"-wk range, mid-range"))) -> 2-wk high (since tracking began) | V10: =Q10/50/K10 -> 4.8320625 | W10: =IF(B10="Arabica",H10/100/0.45359237,H10/1000) -> 6.8321255 | X10: =IF(AND((A10-_xlfn.MINIFS($A$2:A10,$B$2:B10,B10,$C$2:C10,C10))>=180,Q10<=_xlfn.MINIFS($Q$2:Q10,$B$2:B10,B10,$C$2:C10,C10,$A$2:A10,">="&(A10-180))),"6-MONTH LOW - historically cheap, safer to buy",IF(AND((A10-_xlfn.MINIFS($A$2:A10,$B$2:B10,B10,$C$2:C10,C10))>=180,Q10>=_xlfn.MAXIFS($Q$2:Q10,$B$2:B10,B10,$C$2:C10,C10,$A$2:A10,">="&(A10-180))),"6-MONTH HIGH - historically expensive, riskier to buy",IF(AND((A10-_xlfn.MINIFS($A$2:A10,$B$2:B10,B10,$C$2:C10,C10))>=90,Q10<=_xlfn.MINIFS($Q$2:Q10,$B$2:B10,B10,$C$2:C10,C10,$A$2:A10,">="&(A10-90))),"3-MONTH LOW - historically cheap, safer to buy",IF(AND((A10-_xlfn.MINIFS($A$2:A10,$B$2:B10,B10,$C$2:C10,C10))>=90,Q10>=_xlfn.MAXIFS($Q$2:Q10,$B$2:B10,B10,$C$2:C10,C10,$A$2:A10,">="&(A10-90))),"3-MONTH HIGH - historically expensive, riskier to buy",IF((A10-_xlfn.MINIFS($A$2:A10,$B$2:B10,B10,$C$2:C10,C10))>=90,"within 3/6-month range","N/A - insufficient history yet (need 90+ days)"))))) -> N/A - insufficient history yet (need 90+ days) | Y10: =V10/IF(B10="Arabica",IF(ISNUMBER(SEARCH("Parchment",C10)),0.8,0.48),IF(ISNUMBER(SEARCH("Parchment",C10)),0.82,0.5)) -> 6.0400782 | Z10: =IF(B10="Arabica",IF(ISNUMBER(SEARCH("Parchment",C10)),"80%","48%"),IF(ISNUMBER(SEARCH("Parchment",C10)),"82%","50%")) -> 80% | AA10: =IF(B10="Arabica",IF(ISNUMBER(SEARCH("Parchment",C10)),"Arabica Plantation (estimated milled)","Arabica Cherry (estimated milled)"),IF(ISNUMBER(SEARCH("Parchment",C10)),"Robusta Parchment (estimated milled)","Robusta Cherry (estimated milled)")) -> Arabica Plantation (estimated milled)
A11: 46204 | B11: Arabica | C11: Cherry (AC) | D11: 12750 | E11: 14250 | F11: See notes | G11: Kirehalli (Sakleshpur/Chikmagalur) | H11: 309.9 | I11: US cents/lb (ICE Arabica) | J11: 67.4743 | K11: 96.6461 | L11: =((AVERAGE(D11:E11)/50/J11)/(IF(B11="Arabica",IF(ISNUMBER(SEARCH("Parchment",C11)),0.8,0.48),IF(ISNUMBER(SEARCH("Parchment",C11)),0.82,0.5))))*(1+Assumptions!$B$6)+Assumptions!$B$5+Assumptions!$B$7+Assumptions!$B$8+((AVERAGE(D11:E11)/50/J11)/(IF(B11="Arabica",IF(ISNUMBER(SEARCH("Parchment",C11)),0.8,0.48),IF(ISNUMBER(SEARCH("Parchment",C11)),0.82,0.5))))*Assumptions!$B$9 -> 10.553714 | P11: 4.75-month high per Kirehalli market report | Q11: =AVERAGE(D11:E11) -> 13500 | R11: =(A11-_xlfn.MINIFS($A$2:A11,$B$2:B11,B11,$C$2:C11,C11))/7 -> 1.8571429 | S11: =_xlfn.MAXIFS($Q$2:Q11,$B$2:B11,B11,$C$2:C11,C11) -> 13500 | T11: =_xlfn.MINIFS($Q$2:Q11,$B$2:B11,B11,$C$2:C11,C11) -> 13500 | U11: =IF(R11<1,"Day 1 - building history",IF(Q11>=S11,TEXT(ROUND(R11,0),"0")&"-wk high (since tracking began)",IF(Q11<=T11,TEXT(ROUND(R11,0),"0")&"-wk low (since tracking began)",TEXT(ROUND(R11,0),"0")&"-wk range, mid-range"))) -> 2-wk high (since tracking began) | V11: =Q11/50/K11 -> 2.7936978 | W11: =IF(B11="Arabica",H11/100/0.45359237,H11/1000) -> 6.8321255 | X11: =IF(AND((A11-_xlfn.MINIFS($A$2:A11,$B$2:B11,B11,$C$2:C11,C11))>=180,Q11<=_xlfn.MINIFS($Q$2:Q11,$B$2:B11,B11,$C$2:C11,C11,$A$2:A11,">="&(A11-180))),"6-MONTH LOW - historically cheap, safer to buy",IF(AND((A11-_xlfn.MINIFS($A$2:A11,$B$2:B11,B11,$C$2:C11,C11))>=180,Q11>=_xlfn.MAXIFS($Q$2:Q11,$B$2:B11,B11,$C$2:C11,C11,$A$2:A11,">="&(A11-180))),"6-MONTH HIGH - historically expensive, riskier to buy",IF(AND((A11-_xlfn.MINIFS($A$2:A11,$B$2:B11,B11,$C$2:C11,C11))>=90,Q11<=_xlfn.MINIFS($Q$2:Q11,$B$2:B11,B11,$C$2:C11,C11,$A$2:A11,">="&(A11-90))),"3-MONTH LOW - historically cheap, safer to buy",IF(AND((A11-_xlfn.MINIFS($A$2:A11,$B$2:B11,B11,$C$2:C11,C11))>=90,Q11>=_xlfn.MAXIFS($Q$2:Q11,$B$2:B11,B11,$C$2:C11,C11,$A$2:A11,">="&(A11-90))),"3-MONTH HIGH - historically expensive, riskier to buy",IF((A11-_xlfn.MINIFS($A$2:A11,$B$2:B11,B11,$C$2:C11,C11))>=90,"within 3/6-month range","N/A - insufficient history yet (need 90+ days)"))))) -> N/A - insufficient history yet (need 90+ days) | Y11: =V11/IF(B11="Arabica",IF(ISNUMBER(SEARCH("Parchment",C11)),0.8,0.48),IF(ISNUMBER(SEARCH("Parchment",C11)),0.82,0.5)) -> 5.8202038 | Z11: =IF(B11="Arabica",IF(ISNUMBER(SEARCH("Parchment",C11)),"80%","48%"),IF(ISNUMBER(SEARCH("Parchment",C11)),"82%","50%")) -> 48% | AA11: =IF(B11="Arabica",IF(ISNUMBER(SEARCH("Parchment",C11)),"Arabica Plantation (estimated milled)","Arabica Cherry (estimated milled)"),IF(ISNUMBER(SEARCH("Parchment",C11)),"Robusta Parchment (estimated milled)","Robusta Cherry (estimated milled)")) -> Arabica Cherry (estimated milled)
A12: 46204 | B12: Robusta | C12: Parchment (RP) | D12: 18000 | E12: 18500 | F12: See notes | G12: Kirehalli (Sakleshpur/Chikmagalur) | H12: 3771 | I12: USD/tonne (ICE Robusta) | J12: 67.4743 | K12: 96.6461 | L12: =((AVERAGE(D12:E12)/50/J12)/(IF(B12="Arabica",IF(ISNUMBER(SEARCH("Parchment",C12)),0.8,0.48),IF(ISNUMBER(SEARCH("Parchment",C12)),0.82,0.5))))*(1+Assumptions!$B$6)+Assumptions!$B$5+Assumptions!$B$7+Assumptions!$B$8+((AVERAGE(D12:E12)/50/J12)/(IF(B12="Arabica",IF(ISNUMBER(SEARCH("Parchment",C12)),0.8,0.48),IF(ISNUMBER(SEARCH("Parchment",C12)),0.82,0.5))))*Assumptions!$B$9 -> 8.5183859 | P12: 4.75-month high per Kirehalli market report | Q12: =AVERAGE(D12:E12) -> 18250 | R12: =(A12-_xlfn.MINIFS($A$2:A12,$B$2:B12,B12,$C$2:C12,C12))/7 -> 1.8571429 | S12: =_xlfn.MAXIFS($Q$2:Q12,$B$2:B12,B12,$C$2:C12,C12) -> 18250 | T12: =_xlfn.MINIFS($Q$2:Q12,$B$2:B12,B12,$C$2:C12,C12) -> 18000 | U12: =IF(R12<1,"Day 1 - building history",IF(Q12>=S12,TEXT(ROUND(R12,0),"0")&"-wk high (since tracking began)",IF(Q12<=T12,TEXT(ROUND(R12,0),"0")&"-wk low (since tracking began)",TEXT(ROUND(R12,0),"0")&"-wk range, mid-range"))) -> 2-wk high (since tracking began) | V12: =Q12/50/K12 -> 3.7766656 | W12: =IF(B12="Arabica",H12/100/0.45359237,H12/1000) -> 3.771 | X12: =IF(AND((A12-_xlfn.MINIFS($A$2:A12,$B$2:B12,B12,$C$2:C12,C12))>=180,Q12<=_xlfn.MINIFS($Q$2:Q12,$B$2:B12,B12,$C$2:C12,C12,$A$2:A12,">="&(A12-180))),"6-MONTH LOW - historically cheap, safer to buy",IF(AND((A12-_xlfn.MINIFS($A$2:A12,$B$2:B12,B12,$C$2:C12,C12))>=180,Q12>=_xlfn.MAXIFS($Q$2:Q12,$B$2:B12,B12,$C$2:C12,C12,$A$2:A12,">="&(A12-180))),"6-MONTH HIGH - historically expensive, riskier to buy",IF(AND((A12-_xlfn.MINIFS($A$2:A12,$B$2:B12,B12,$C$2:C12,C12))>=90,Q12<=_xlfn.MINIFS($Q$2:Q12,$B$2:B12,B12,$C$2:C12,C12,$A$2:A12,">="&(A12-90))),"3-MONTH LOW - historically cheap, safer to buy",IF(AND((A12-_xlfn.MINIFS($A$2:A12,$B$2:B12,B12,$C$2:C12,C12))>=90,Q12>=_xlfn.MAXIFS($Q$2:Q12,$B$2:B12,B12,$C$2:C12,C12,$A$2:A12,">="&(A12-90))),"3-MONTH HIGH - historically expensive, riskier to buy",IF((A12-_xlfn.MINIFS($A$2:A12,$B$2:B12,B12,$C$2:C12,C12))>=90,"within 3/6-month range","N/A - insufficient history yet (need 90+ days)"))))) -> N/A - insufficient history yet (need 90+ days) | Y12: =V12/IF(B12="Arabica",IF(ISNUMBER(SEARCH("Parchment",C12)),0.8,0.48),IF(ISNUMBER(SEARCH("Parchment",C12)),0.82,0.5)) -> 4.6056897 | Z12: =IF(B12="Arabica",IF(ISNUMBER(SEARCH("Parchment",C12)),"80%","48%"),IF(ISNUMBER(SEARCH("Parchment",C12)),"82%","50%")) -> 82% | AA12: =IF(B12="Arabica",IF(ISNUMBER(SEARCH("Parchment",C12)),"Arabica Plantation (estimated milled)","Arabica Cherry (estimated milled)"),IF(ISNUMBER(SEARCH("Parchment",C12)),"Robusta Parchment (estimated milled)","Robusta Cherry (estimated milled)")) -> Robusta Parchment (estimated milled)
A13: 46204 | B13: Robusta | C13: Cherry (RC) | D13: 9700 | E13: 10500 | F13: See notes | G13: Kirehalli (Sakleshpur/Chikmagalur) | H13: 3771 | I13: USD/tonne (ICE Robusta) | J13: 67.4743 | K13: 96.6461 | L13: =((AVERAGE(D13:E13)/50/J13)/(IF(B13="Arabica",IF(ISNUMBER(SEARCH("Parchment",C13)),0.8,0.48),IF(ISNUMBER(SEARCH("Parchment",C13)),0.82,0.5))))*(1+Assumptions!$B$6)+Assumptions!$B$5+Assumptions!$B$7+Assumptions!$B$8+((AVERAGE(D13:E13)/50/J13)/(IF(B13="Arabica",IF(ISNUMBER(SEARCH("Parchment",C13)),0.8,0.48),IF(ISNUMBER(SEARCH("Parchment",C13)),0.82,0.5))))*Assumptions!$B$9 -> 7.8053339 | P13: 4.75-month high per Kirehalli market report | Q13: =AVERAGE(D13:E13) -> 10100 | R13: =(A13-_xlfn.MINIFS($A$2:A13,$B$2:B13,B13,$C$2:C13,C13))/7 -> 1.8571429 | S13: =_xlfn.MAXIFS($Q$2:Q13,$B$2:B13,B13,$C$2:C13,C13) -> 10100 | T13: =_xlfn.MINIFS($Q$2:Q13,$B$2:B13,B13,$C$2:C13,C13) -> 9800 | U13: =IF(R13<1,"Day 1 - building history",IF(Q13>=S13,TEXT(ROUND(R13,0),"0")&"-wk high (since tracking began)",IF(Q13<=T13,TEXT(ROUND(R13,0),"0")&"-wk low (since tracking began)",TEXT(ROUND(R13,0),"0")&"-wk range, mid-range"))) -> 2-wk high (since tracking began) | V13: =Q13/50/K13 -> 2.0900999 | W13: =IF(B13="Arabica",H13/100/0.45359237,H13/1000) -> 3.771 | X13: =IF(AND((A13-_xlfn.MINIFS($A$2:A13,$B$2:B13,B13,$C$2:C13,C13))>=180,Q13<=_xlfn.MINIFS($Q$2:Q13,$B$2:B13,B13,$C$2:C13,C13,$A$2:A13,">="&(A13-180))),"6-MONTH LOW - historically cheap, safer to buy",IF(AND((A13-_xlfn.MINIFS($A$2:A13,$B$2:B13,B13,$C$2:C13,C13))>=180,Q13>=_xlfn.MAXIFS($Q$2:Q13,$B$2:B13,B13,$C$2:C13,C13,$A$2:A13,">="&(A13-180))),"6-MONTH HIGH - historically expensive, riskier to buy",IF(AND((A13-_xlfn.MINIFS($A$2:A13,$B$2:B13,B13,$C$2:C13,C13))>=90,Q13<=_xlfn.MINIFS($Q$2:Q13,$B$2:B13,B13,$C$2:C13,C13,$A$2:A13,">="&(A13-90))),"3-MONTH LOW - historically cheap, safer to buy",IF(AND((A13-_xlfn.MINIFS($A$2:A13,$B$2:B13,B13,$C$2:C13,C13))>=90,Q13>=_xlfn.MAXIFS($Q$2:Q13,$B$2:B13,B13,$C$2:C13,C13,$A$2:A13,">="&(A13-90))),"3-MONTH HIGH - historically expensive, riskier to buy",IF((A13-_xlfn.MINIFS($A$2:A13,$B$2:B13,B13,$C$2:C13,C13))>=90,"within 3/6-month range","N/A - insufficient history yet (need 90+ days)"))))) -> N/A - insufficient history yet (need 90+ days) | Y13: =V13/IF(B13="Arabica",IF(ISNUMBER(SEARCH("Parchment",C13)),0.8,0.48),IF(ISNUMBER(SEARCH("Parchment",C13)),0.82,0.5)) -> 4.1801997 | Z13: =IF(B13="Arabica",IF(ISNUMBER(SEARCH("Parchment",C13)),"80%","48%"),IF(ISNUMBER(SEARCH("Parchment",C13)),"82%","50%")) -> 50% | AA13: =IF(B13="Arabica",IF(ISNUMBER(SEARCH("Parchment",C13)),"Arabica Plantation (estimated milled)","Arabica Cherry (estimated milled)"),IF(ISNUMBER(SEARCH("Parchment",C13)),"Robusta Parchment (estimated milled)","Robusta Cherry (estimated milled)")) -> Robusta Cherry (estimated milled)
A14: 46211 | B14: Arabica | C14: Parchment (AP) | D14: 24000 | E14: 25000 | F14: See notes | G14: Kirehalli (Sakleshpur/Chikmagalur) | H14: 309.8 | I14: US cents/lb (ICE Arabica) | J14: 67.4743 | K14: 96.6461 | L14: =((AVERAGE(D14:E14)/50/J14)/(IF(B14="Arabica",IF(ISNUMBER(SEARCH("Parchment",C14)),0.8,0.48),IF(ISNUMBER(SEARCH("Parchment",C14)),0.82,0.5))))*(1+Assumptions!$B$6)+Assumptions!$B$5+Assumptions!$B$7+Assumptions!$B$8+((AVERAGE(D14:E14)/50/J14)/(IF(B14="Arabica",IF(ISNUMBER(SEARCH("Parchment",C14)),0.8,0.48),IF(ISNUMBER(SEARCH("Parchment",C14)),0.82,0.5))))*Assumptions!$B$9 -> 11.42071 | P14: No change | Q14: =AVERAGE(D14:E14) -> 24500 | R14: =(A14-_xlfn.MINIFS($A$2:A14,$B$2:B14,B14,$C$2:C14,C14))/7 -> 2.8571429 | S14: =_xlfn.MAXIFS($Q$2:Q14,$B$2:B14,B14,$C$2:C14,C14) -> 24500 | T14: =_xlfn.MINIFS($Q$2:Q14,$B$2:B14,B14,$C$2:C14,C14) -> 22800 | U14: =IF(R14<1,"Day 1 - building history",IF(Q14>=S14,TEXT(ROUND(R14,0),"0")&"-wk high (since tracking began)",IF(Q14<=T14,TEXT(ROUND(R14,0),"0")&"-wk low (since tracking began)",TEXT(ROUND(R14,0),"0")&"-wk range, mid-range"))) -> 3-wk high (since tracking began) | V14: =Q14/50/K14 -> 5.0700442 | W14: =IF(B14="Arabica",H14/100/0.45359237,H14/1000) -> 6.8299209 | X14: =IF(AND((A14-_xlfn.MINIFS($A$2:A14,$B$2:B14,B14,$C$2:C14,C14))>=180,Q14<=_xlfn.MINIFS($Q$2:Q14,$B$2:B14,B14,$C$2:C14,C14,$A$2:A14,">="&(A14-180))),"6-MONTH LOW - historically cheap, safer to buy",IF(AND((A14-_xlfn.MINIFS($A$2:A14,$B$2:B14,B14,$C$2:C14,C14))>=180,Q14>=_xlfn.MAXIFS($Q$2:Q14,$B$2:B14,B14,$C$2:C14,C14,$A$2:A14,">="&(A14-180))),"6-MONTH HIGH - historically expensive, riskier to buy",IF(AND((A14-_xlfn.MINIFS($A$2:A14,$B$2:B14,B14,$C$2:C14,C14))>=90,Q14<=_xlfn.MINIFS($Q$2:Q14,$B$2:B14,B14,$C$2:C14,C14,$A$2:A14,">="&(A14-90))),"3-MONTH LOW - historically cheap, safer to buy",IF(AND((A14-_xlfn.MINIFS($A$2:A14,$B$2:B14,B14,$C$2:C14,C14))>=90,Q14>=_xlfn.MAXIFS($Q$2:Q14,$B$2:B14,B14,$C$2:C14,C14,$A$2:A14,">="&(A14-90))),"3-MONTH HIGH - historically expensive, riskier to buy",IF((A14-_xlfn.MINIFS($A$2:A14,$B$2:B14,B14,$C$2:C14,C14))>=90,"within 3/6-month range","N/A - insufficient history yet (need 90+ days)"))))) -> N/A - insufficient history yet (need 90+ days) | Y14: =V14/IF(B14="Arabica",IF(ISNUMBER(SEARCH("Parchment",C14)),0.8,0.48),IF(ISNUMBER(SEARCH("Parchment",C14)),0.82,0.5)) -> 6.3375553 | Z14: =IF(B14="Arabica",IF(ISNUMBER(SEARCH("Parchment",C14)),"80%","48%"),IF(ISNUMBER(SEARCH("Parchment",C14)),"82%","50%")) -> 80% | AA14: =IF(B14="Arabica",IF(ISNUMBER(SEARCH("Parchment",C14)),"Arabica Plantation (estimated milled)","Arabica Cherry (estimated milled)"),IF(ISNUMBER(SEARCH("Parchment",C14)),"Robusta Parchment (estimated milled)","Robusta Cherry (estimated milled)")) -> Arabica Plantation (estimated milled)
A15: 46211 | B15: Arabica | C15: Cherry (AC) | D15: 14000 | E15: 15900 | F15: See notes | G15: Kirehalli (Sakleshpur/Chikmagalur) | H15: 309.8 | I15: US cents/lb (ICE Arabica) | J15: 67.4743 | K15: 96.6461 | L15: =((AVERAGE(D15:E15)/50/J15)/(IF(B15="Arabica",IF(ISNUMBER(SEARCH("Parchment",C15)),0.8,0.48),IF(ISNUMBER(SEARCH("Parchment",C15)),0.82,0.5))))*(1+Assumptions!$B$6)+Assumptions!$B$5+Assumptions!$B$7+Assumptions!$B$8+((AVERAGE(D15:E15)/50/J15)/(IF(B15="Arabica",IF(ISNUMBER(SEARCH("Parchment",C15)),0.8,0.48),IF(ISNUMBER(SEARCH("Parchment",C15)),0.82,0.5))))*Assumptions!$B$9 -> 11.601335 | Q15: =AVERAGE(D15:E15) -> 14950 | R15: =(A15-_xlfn.MINIFS($A$2:A15,$B$2:B15,B15,$C$2:C15,C15))/7 -> 2.8571429 | S15: =_xlfn.MAXIFS($Q$2:Q15,$B$2:B15,B15,$C$2:C15,C15) -> 14950 | T15: =_xlfn.MINIFS($Q$2:Q15,$B$2:B15,B15,$C$2:C15,C15) -> 13500 | U15: =IF(R15<1,"Day 1 - building history",IF(Q15>=S15,TEXT(ROUND(R15,0),"0")&"-wk high (since tracking began)",IF(Q15<=T15,TEXT(ROUND(R15,0),"0")&"-wk low (since tracking began)",TEXT(ROUND(R15,0),"0")&"-wk range, mid-range"))) -> 3-wk high (since tracking began) | V15: =Q15/50/K15 -> 3.0937617 | W15: =IF(B15="Arabica",H15/100/0.45359237,H15/1000) -> 6.8299209 | X15: =IF(AND((A15-_xlfn.MINIFS($A$2:A15,$B$2:B15,B15,$C$2:C15,C15))>=180,Q15<=_xlfn.MINIFS($Q$2:Q15,$B$2:B15,B15,$C$2:C15,C15,$A$2:A15,">="&(A15-180))),"6-MONTH LOW - historically cheap, safer to buy",IF(AND((A15-_xlfn.MINIFS($A$2:A15,$B$2:B15,B15,$C$2:C15,C15))>=180,Q15>=_xlfn.MAXIFS($Q$2:Q15,$B$2:B15,B15,$C$2:C15,C15,$A$2:A15,">="&(A15-180))),"6-MONTH HIGH - historically expensive, riskier to buy",IF(AND((A15-_xlfn.MINIFS($A$2:A15,$B$2:B15,B15,$C$2:C15,C15))>=90,Q15<=_xlfn.MINIFS($Q$2:Q15,$B$2:B15,B15,$C$2:C15,C15,$A$2:A15,">="&(A15-90))),"3-MONTH LOW - historically cheap, safer to buy",IF(AND((A15-_xlfn.MINIFS($A$2:A15,$B$2:B15,B15,$C$2:C15,C15))>=90,Q15>=_xlfn.MAXIFS($Q$2:Q15,$B$2:B15,B15,$C$2:C15,C15,$A$2:A15,">="&(A15-90))),"3-MONTH HIGH - historically expensive, riskier to buy",IF((A15-_xlfn.MINIFS($A$2:A15,$B$2:B15,B15,$C$2:C15,C15))>=90,"within 3/6-month range","N/A - insufficient history yet (need 90+ days)"))))) -> N/A - insufficient history yet (need 90+ days) | Y15: =V15/IF(B15="Arabica",IF(ISNUMBER(SEARCH("Parchment",C15)),0.8,0.48),IF(ISNUMBER(SEARCH("Parchment",C15)),0.82,0.5)) -> 6.4453368 | Z15: =IF(B15="Arabica",IF(ISNUMBER(SEARCH("Parchment",C15)),"80%","48%"),IF(ISNUMBER(SEARCH("Parchment",C15)),"82%","50%")) -> 48% | AA15: =IF(B15="Arabica",IF(ISNUMBER(SEARCH("Parchment",C15)),"Arabica Plantation (estimated milled)","Arabica Cherry (estimated milled)"),IF(ISNUMBER(SEARCH("Parchment",C15)),"Robusta Parchment (estimated milled)","Robusta Cherry (estimated milled)")) -> Arabica Cherry (estimated milled)
A16: 46211 | B16: Robusta | C16: Parchment (RP) | D16: 18000 | E16: 18500 | F16: See notes | G16: Kirehalli (Sakleshpur/Chikmagalur) | H16: 3741 | I16: USD/tonne (ICE Robusta) | J16: 67.4743 | K16: 96.6461 | L16: =((AVERAGE(D16:E16)/50/J16)/(IF(B16="Arabica",IF(ISNUMBER(SEARCH("Parchment",C16)),0.8,0.48),IF(ISNUMBER(SEARCH("Parchment",C16)),0.82,0.5))))*(1+Assumptions!$B$6)+Assumptions!$B$5+Assumptions!$B$7+Assumptions!$B$8+((AVERAGE(D16:E16)/50/J16)/(IF(B16="Arabica",IF(ISNUMBER(SEARCH("Parchment",C16)),0.8,0.48),IF(ISNUMBER(SEARCH("Parchment",C16)),0.82,0.5))))*Assumptions!$B$9 -> 8.5183859 | P16: No change | Q16: =AVERAGE(D16:E16) -> 18250 | R16: =(A16-_xlfn.MINIFS($A$2:A16,$B$2:B16,B16,$C$2:C16,C16))/7 -> 2.8571429 | S16: =_xlfn.MAXIFS($Q$2:Q16,$B$2:B16,B16,$C$2:C16,C16) -> 18250 | T16: =_xlfn.MINIFS($Q$2:Q16,$B$2:B16,B16,$C$2:C16,C16) -> 18000 | U16: =IF(R16<1,"Day 1 - building history",IF(Q16>=S16,TEXT(ROUND(R16,0),"0")&"-wk high (since tracking began)",IF(Q16<=T16,TEXT(ROUND(R16,0),"0")&"-wk low (since tracking began)",TEXT(ROUND(R16,0),"0")&"-wk range, mid-range"))) -> 3-wk high (since tracking began) | V16: =Q16/50/K16 -> 3.7766656 | W16: =IF(B16="Arabica",H16/100/0.45359237,H16/1000) -> 3.741 | X16: =IF(AND((A16-_xlfn.MINIFS($A$2:A16,$B$2:B16,B16,$C$2:C16,C16))>=180,Q16<=_xlfn.MINIFS($Q$2:Q16,$B$2:B16,B16,$C$2:C16,C16,$A$2:A16,">="&(A16-180))),"6-MONTH LOW - historically cheap, safer to buy",IF(AND((A16-_xlfn.MINIFS($A$2:A16,$B$2:B16,B16,$C$2:C16,C16))>=180,Q16>=_xlfn.MAXIFS($Q$2:Q16,$B$2:B16,B16,$C$2:C16,C16,$A$2:A16,">="&(A16-180))),"6-MONTH HIGH - historically expensive, riskier to buy",IF(AND((A16-_xlfn.MINIFS($A$2:A16,$B$2:B16,B16,$C$2:C16,C16))>=90,Q16<=_xlfn.MINIFS($Q$2:Q16,$B$2:B16,B16,$C$2:C16,C16,$A$2:A16,">="&(A16-90))),"3-MONTH LOW - historically cheap, safer to buy",IF(AND((A16-_xlfn.MINIFS($A$2:A16,$B$2:B16,B16,$C$2:C16,C16))>=90,Q16>=_xlfn.MAXIFS($Q$2:Q16,$B$2:B16,B16,$C$2:C16,C16,$A$2:A16,">="&(A16-90))),"3-MONTH HIGH - historically expensive, riskier to buy",IF((A16-_xlfn.MINIFS($A$2:A16,$B$2:B16,B16,$C$2:C16,C16))>=90,"within 3/6-month range","N/A - insufficient history yet (need 90+ days)"))))) -> N/A - insufficient history yet (need 90+ days) | Y16: =V16/IF(B16="Arabica",IF(ISNUMBER(SEARCH("Parchment",C16)),0.8,0.48),IF(ISNUMBER(SEARCH("Parchment",C16)),0.82,0.5)) -> 4.6056897 | Z16: =IF(B16="Arabica",IF(ISNUMBER(SEARCH("Parchment",C16)),"80%","48%"),IF(ISNUMBER(SEARCH("Parchment",C16)),"82%","50%")) -> 82% | AA16: =IF(B16="Arabica",IF(ISNUMBER(SEARCH("Parchment",C16)),"Arabica Plantation (estimated milled)","Arabica Cherry (estimated milled)"),IF(ISNUMBER(SEARCH("Parchment",C16)),"Robusta Parchment (estimated milled)","Robusta Cherry (estimated milled)")) -> Robusta Parchment (estimated milled)
A17: 46211 | B17: Robusta | C17: Cherry (RC) | D17: 10100 | E17: 11000 | F17: See notes | G17: Kirehalli (Sakleshpur/Chikmagalur) | H17: 3741 | I17: USD/tonne (ICE Robusta) | J17: 67.4743 | K17: 96.6461 | L17: =((AVERAGE(D17:E17)/50/J17)/(IF(B17="Arabica",IF(ISNUMBER(SEARCH("Parchment",C17)),0.8,0.48),IF(ISNUMBER(SEARCH("Parchment",C17)),0.82,0.5))))*(1+Assumptions!$B$6)+Assumptions!$B$5+Assumptions!$B$7+Assumptions!$B$8+((AVERAGE(D17:E17)/50/J17)/(IF(B17="Arabica",IF(ISNUMBER(SEARCH("Parchment",C17)),0.8,0.48),IF(ISNUMBER(SEARCH("Parchment",C17)),0.82,0.5))))*Assumptions!$B$9 -> 8.1174527 | Q17: =AVERAGE(D17:E17) -> 10550 | R17: =(A17-_xlfn.MINIFS($A$2:A17,$B$2:B17,B17,$C$2:C17,C17))/7 -> 2.8571429 | S17: =_xlfn.MAXIFS($Q$2:Q17,$B$2:B17,B17,$C$2:C17,C17) -> 10550 | T17: =_xlfn.MINIFS($Q$2:Q17,$B$2:B17,B17,$C$2:C17,C17) -> 9800 | U17: =IF(R17<1,"Day 1 - building history",IF(Q17>=S17,TEXT(ROUND(R17,0),"0")&"-wk high (since tracking began)",IF(Q17<=T17,TEXT(ROUND(R17,0),"0")&"-wk low (since tracking began)",TEXT(ROUND(R17,0),"0")&"-wk range, mid-range"))) -> 3-wk high (since tracking began) | V17: =Q17/50/K17 -> 2.1832231 | W17: =IF(B17="Arabica",H17/100/0.45359237,H17/1000) -> 3.741 | X17: =IF(AND((A17-_xlfn.MINIFS($A$2:A17,$B$2:B17,B17,$C$2:C17,C17))>=180,Q17<=_xlfn.MINIFS($Q$2:Q17,$B$2:B17,B17,$C$2:C17,C17,$A$2:A17,">="&(A17-180))),"6-MONTH LOW - historically cheap, safer to buy",IF(AND((A17-_xlfn.MINIFS($A$2:A17,$B$2:B17,B17,$C$2:C17,C17))>=180,Q17>=_xlfn.MAXIFS($Q$2:Q17,$B$2:B17,B17,$C$2:C17,C17,$A$2:A17,">="&(A17-180))),"6-MONTH HIGH - historically expensive, riskier to buy",IF(AND((A17-_xlfn.MINIFS($A$2:A17,$B$2:B17,B17,$C$2:C17,C17))>=90,Q17<=_xlfn.MINIFS($Q$2:Q17,$B$2:B17,B17,$C$2:C17,C17,$A$2:A17,">="&(A17-90))),"3-MONTH LOW - historically cheap, safer to buy",IF(AND((A17-_xlfn.MINIFS($A$2:A17,$B$2:B17,B17,$C$2:C17,C17))>=90,Q17>=_xlfn.MAXIFS($Q$2:Q17,$B$2:B17,B17,$C$2:C17,C17,$A$2:A17,">="&(A17-90))),"3-MONTH HIGH - historically expensive, riskier to buy",IF((A17-_xlfn.MINIFS($A$2:A17,$B$2:B17,B17,$C$2:C17,C17))>=90,"within 3/6-month range","N/A - insufficient history yet (need 90+ days)"))))) -> N/A - insufficient history yet (need 90+ days) | Y17: =V17/IF(B17="Arabica",IF(ISNUMBER(SEARCH("Parchment",C17)),0.8,0.48),IF(ISNUMBER(SEARCH("Parchment",C17)),0.82,0.5)) -> 4.3664462 | Z17: =IF(B17="Arabica",IF(ISNUMBER(SEARCH("Parchment",C17)),"80%","48%"),IF(ISNUMBER(SEARCH("Parchment",C17)),"82%","50%")) -> 50% | AA17: =IF(B17="Arabica",IF(ISNUMBER(SEARCH("Parchment",C17)),"Arabica Plantation (estimated milled)","Arabica Cherry (estimated milled)"),IF(ISNUMBER(SEARCH("Parchment",C17)),"Robusta Parchment (estimated milled)","Robusta Cherry (estimated milled)")) -> Robusta Cherry (estimated milled)
A18: 46219 | B18: Arabica | C18: Parchment (AP) | D18: 24400 | E18: 25000 | F18: See notes | G18: Kirehalli (Sakleshpur/Chikmagalur) | H18: 312.6 | I18: US cents/lb (ICE Arabica) | J18: 67.4743 | K18: 96.6461 | L18: =((AVERAGE(D18:E18)/50/J18)/(IF(B18="Arabica",IF(ISNUMBER(SEARCH("Parchment",C18)),0.8,0.48),IF(ISNUMBER(SEARCH("Parchment",C18)),0.82,0.5))))*(1+Assumptions!$B$6)+Assumptions!$B$5+Assumptions!$B$7+Assumptions!$B$8+((AVERAGE(D18:E18)/50/J18)/(IF(B18="Arabica",IF(ISNUMBER(SEARCH("Parchment",C18)),0.8,0.48),IF(ISNUMBER(SEARCH("Parchment",C18)),0.82,0.5))))*Assumptions!$B$9 -> 11.50741 | P18: 1-wk low, off 5.5-mo high (Arabica) | Q18: =AVERAGE(D18:E18) -> 24700 | R18: =(A18-_xlfn.MINIFS($A$2:A18,$B$2:B18,B18,$C$2:C18,C18))/7 -> 4 | S18: =_xlfn.MAXIFS($Q$2:Q18,$B$2:B18,B18,$C$2:C18,C18) -> 24700 | T18: =_xlfn.MINIFS($Q$2:Q18,$B$2:B18,B18,$C$2:C18,C18) -> 22800 | U18: =IF(R18<1,"Day 1 - building history",IF(Q18>=S18,TEXT(ROUND(R18,0),"0")&"-wk high (since tracking began)",IF(Q18<=T18,TEXT(ROUND(R18,0),"0")&"-wk low (since tracking began)",TEXT(ROUND(R18,0),"0")&"-wk range, mid-range"))) -> 4-wk high (since tracking began) | V18: =Q18/50/K18 -> 5.1114323 | W18: =IF(B18="Arabica",H18/100/0.45359237,H18/1000) -> 6.8916503 | X18: =IF(AND((A18-_xlfn.MINIFS($A$2:A18,$B$2:B18,B18,$C$2:C18,C18))>=180,Q18<=_xlfn.MINIFS($Q$2:Q18,$B$2:B18,B18,$C$2:C18,C18,$A$2:A18,">="&(A18-180))),"6-MONTH LOW - historically cheap, safer to buy",IF(AND((A18-_xlfn.MINIFS($A$2:A18,$B$2:B18,B18,$C$2:C18,C18))>=180,Q18>=_xlfn.MAXIFS($Q$2:Q18,$B$2:B18,B18,$C$2:C18,C18,$A$2:A18,">="&(A18-180))),"6-MONTH HIGH - historically expensive, riskier to buy",IF(AND((A18-_xlfn.MINIFS($A$2:A18,$B$2:B18,B18,$C$2:C18,C18))>=90,Q18<=_xlfn.MINIFS($Q$2:Q18,$B$2:B18,B18,$C$2:C18,C18,$A$2:A18,">="&(A18-90))),"3-MONTH LOW - historically cheap, safer to buy",IF(AND((A18-_xlfn.MINIFS($A$2:A18,$B$2:B18,B18,$C$2:C18,C18))>=90,Q18>=_xlfn.MAXIFS($Q$2:Q18,$B$2:B18,B18,$C$2:C18,C18,$A$2:A18,">="&(A18-90))),"3-MONTH HIGH - historically expensive, riskier to buy",IF((A18-_xlfn.MINIFS($A$2:A18,$B$2:B18,B18,$C$2:C18,C18))>=90,"within 3/6-month range","N/A - insufficient history yet (need 90+ days)"))))) -> N/A - insufficient history yet (need 90+ days) | Y18: =V18/IF(B18="Arabica",IF(ISNUMBER(SEARCH("Parchment",C18)),0.8,0.48),IF(ISNUMBER(SEARCH("Parchment",C18)),0.82,0.5)) -> 6.3892904 | Z18: =IF(B18="Arabica",IF(ISNUMBER(SEARCH("Parchment",C18)),"80%","48%"),IF(ISNUMBER(SEARCH("Parchment",C18)),"82%","50%")) -> 80% | AA18: =IF(B18="Arabica",IF(ISNUMBER(SEARCH("Parchment",C18)),"Arabica Plantation (estimated milled)","Arabica Cherry (estimated milled)"),IF(ISNUMBER(SEARCH("Parchment",C18)),"Robusta Parchment (estimated milled)","Robusta Cherry (estimated milled)")) -> Arabica Plantation (estimated milled)
A19: 46219 | B19: Arabica | C19: Cherry (AC) | D19: 13800 | E19: 15400 | F19: See notes | G19: Kirehalli (Sakleshpur/Chikmagalur) | H19: 312.6 | I19: US cents/lb (ICE Arabica) | J19: 67.4743 | K19: 96.6461 | L19: =((AVERAGE(D19:E19)/50/J19)/(IF(B19="Arabica",IF(ISNUMBER(SEARCH("Parchment",C19)),0.8,0.48),IF(ISNUMBER(SEARCH("Parchment",C19)),0.82,0.5))))*(1+Assumptions!$B$6)+Assumptions!$B$5+Assumptions!$B$7+Assumptions!$B$8+((AVERAGE(D19:E19)/50/J19)/(IF(B19="Arabica",IF(ISNUMBER(SEARCH("Parchment",C19)),0.8,0.48),IF(ISNUMBER(SEARCH("Parchment",C19)),0.82,0.5))))*Assumptions!$B$9 -> 11.348461 | P19: 1-wk low, off 5.5-mo high (Arabica) | Q19: =AVERAGE(D19:E19) -> 14600 | R19: =(A19-_xlfn.MINIFS($A$2:A19,$B$2:B19,B19,$C$2:C19,C19))/7 -> 4 | S19: =_xlfn.MAXIFS($Q$2:Q19,$B$2:B19,B19,$C$2:C19,C19) -> 14950 | T19: =_xlfn.MINIFS($Q$2:Q19,$B$2:B19,B19,$C$2:C19,C19) -> 13500 | U19: =IF(R19<1,"Day 1 - building history",IF(Q19>=S19,TEXT(ROUND(R19,0),"0")&"-wk high (since tracking began)",IF(Q19<=T19,TEXT(ROUND(R19,0),"0")&"-wk low (since tracking began)",TEXT(ROUND(R19,0),"0")&"-wk range, mid-range"))) -> 4-wk range, mid-range | V19: =Q19/50/K19 -> 3.0213325 | W19: =IF(B19="Arabica",H19/100/0.45359237,H19/1000) -> 6.8916503 | X19: =IF(AND((A19-_xlfn.MINIFS($A$2:A19,$B$2:B19,B19,$C$2:C19,C19))>=180,Q19<=_xlfn.MINIFS($Q$2:Q19,$B$2:B19,B19,$C$2:C19,C19,$A$2:A19,">="&(A19-180))),"6-MONTH LOW - historically cheap, safer to buy",IF(AND((A19-_xlfn.MINIFS($A$2:A19,$B$2:B19,B19,$C$2:C19,C19))>=180,Q19>=_xlfn.MAXIFS($Q$2:Q19,$B$2:B19,B19,$C$2:C19,C19,$A$2:A19,">="&(A19-180))),"6-MONTH HIGH - historically expensive, riskier to buy",IF(AND((A19-_xlfn.MINIFS($A$2:A19,$B$2:B19,B19,$C$2:C19,C19))>=90,Q19<=_xlfn.MINIFS($Q$2:Q19,$B$2:B19,B19,$C$2:C19,C19,$A$2:A19,">="&(A19-90))),"3-MONTH LOW - historically cheap, safer to buy",IF(AND((A19-_xlfn.MINIFS($A$2:A19,$B$2:B19,B19,$C$2:C19,C19))>=90,Q19>=_xlfn.MAXIFS($Q$2:Q19,$B$2:B19,B19,$C$2:C19,C19,$A$2:A19,">="&(A19-90))),"3-MONTH HIGH - historically expensive, riskier to buy",IF((A19-_xlfn.MINIFS($A$2:A19,$B$2:B19,B19,$C$2:C19,C19))>=90,"within 3/6-month range","N/A - insufficient history yet (need 90+ days)"))))) -> N/A - insufficient history yet (need 90+ days) | Y19: =V19/IF(B19="Arabica",IF(ISNUMBER(SEARCH("Parchment",C19)),0.8,0.48),IF(ISNUMBER(SEARCH("Parchment",C19)),0.82,0.5)) -> 6.2944426 | Z19: =IF(B19="Arabica",IF(ISNUMBER(SEARCH("Parchment",C19)),"80%","48%"),IF(ISNUMBER(SEARCH("Parchment",C19)),"82%","50%")) -> 48% | AA19: =IF(B19="Arabica",IF(ISNUMBER(SEARCH("Parchment",C19)),"Arabica Plantation (estimated milled)","Arabica Cherry (estimated milled)"),IF(ISNUMBER(SEARCH("Parchment",C19)),"Robusta Parchment (estimated milled)","Robusta Cherry (estimated milled)")) -> Arabica Cherry (estimated milled)
A20: 46219 | B20: Robusta | C20: Parchment (RP) | D20: 18000 | E20: 18500 | F20: See notes | G20: Kirehalli (Sakleshpur/Chikmagalur) | H20: 3797 | I20: USD/tonne (ICE Robusta) | J20: 67.4743 | K20: 96.6461 | L20: =((AVERAGE(D20:E20)/50/J20)/(IF(B20="Arabica",IF(ISNUMBER(SEARCH("Parchment",C20)),0.8,0.48),IF(ISNUMBER(SEARCH("Parchment",C20)),0.82,0.5))))*(1+Assumptions!$B$6)+Assumptions!$B$5+Assumptions!$B$7+Assumptions!$B$8+((AVERAGE(D20:E20)/50/J20)/(IF(B20="Arabica",IF(ISNUMBER(SEARCH("Parchment",C20)),0.8,0.48),IF(ISNUMBER(SEARCH("Parchment",C20)),0.82,0.5))))*Assumptions!$B$9 -> 8.5183859 | P20: +Rs 200 RP, +Rs 100 RC | Q20: =AVERAGE(D20:E20) -> 18250 | R20: =(A20-_xlfn.MINIFS($A$2:A20,$B$2:B20,B20,$C$2:C20,C20))/7 -> 4 | S20: =_xlfn.MAXIFS($Q$2:Q20,$B$2:B20,B20,$C$2:C20,C20) -> 18250 | T20: =_xlfn.MINIFS($Q$2:Q20,$B$2:B20,B20,$C$2:C20,C20) -> 18000 | U20: =IF(R20<1,"Day 1 - building history",IF(Q20>=S20,TEXT(ROUND(R20,0),"0")&"-wk high (since tracking began)",IF(Q20<=T20,TEXT(ROUND(R20,0),"0")&"-wk low (since tracking began)",TEXT(ROUND(R20,0),"0")&"-wk range, mid-range"))) -> 4-wk high (since tracking began) | V20: =Q20/50/K20 -> 3.7766656 | W20: =IF(B20="Arabica",H20/100/0.45359237,H20/1000) -> 3.797 | X20: =IF(AND((A20-_xlfn.MINIFS($A$2:A20,$B$2:B20,B20,$C$2:C20,C20))>=180,Q20<=_xlfn.MINIFS($Q$2:Q20,$B$2:B20,B20,$C$2:C20,C20,$A$2:A20,">="&(A20-180))),"6-MONTH LOW - historically cheap, safer to buy",IF(AND((A20-_xlfn.MINIFS($A$2:A20,$B$2:B20,B20,$C$2:C20,C20))>=180,Q20>=_xlfn.MAXIFS($Q$2:Q20,$B$2:B20,B20,$C$2:C20,C20,$A$2:A20,">="&(A20-180))),"6-MONTH HIGH - historically expensive, riskier to buy",IF(AND((A20-_xlfn.MINIFS($A$2:A20,$B$2:B20,B20,$C$2:C20,C20))>=90,Q20<=_xlfn.MINIFS($Q$2:Q20,$B$2:B20,B20,$C$2:C20,C20,$A$2:A20,">="&(A20-90))),"3-MONTH LOW - historically cheap, safer to buy",IF(AND((A20-_xlfn.MINIFS($A$2:A20,$B$2:B20,B20,$C$2:C20,C20))>=90,Q20>=_xlfn.MAXIFS($Q$2:Q20,$B$2:B20,B20,$C$2:C20,C20,$A$2:A20,">="&(A20-90))),"3-MONTH HIGH - historically expensive, riskier to buy",IF((A20-_xlfn.MINIFS($A$2:A20,$B$2:B20,B20,$C$2:C20,C20))>=90,"within 3/6-month range","N/A - insufficient history yet (need 90+ days)"))))) -> N/A - insufficient history yet (need 90+ days) | Y20: =V20/IF(B20="Arabica",IF(ISNUMBER(SEARCH("Parchment",C20)),0.8,0.48),IF(ISNUMBER(SEARCH("Parchment",C20)),0.82,0.5)) -> 4.6056897 | Z20: =IF(B20="Arabica",IF(ISNUMBER(SEARCH("Parchment",C20)),"80%","48%"),IF(ISNUMBER(SEARCH("Parchment",C20)),"82%","50%")) -> 82% | AA20: =IF(B20="Arabica",IF(ISNUMBER(SEARCH("Parchment",C20)),"Arabica Plantation (estimated milled)","Arabica Cherry (estimated milled)"),IF(ISNUMBER(SEARCH("Parchment",C20)),"Robusta Parchment (estimated milled)","Robusta Cherry (estimated milled)")) -> Robusta Parchment (estimated milled)
A21: 46219 | B21: Robusta | C21: Cherry (RC) | D21: 10200 | E21: 11000 | F21: See notes | G21: Kirehalli (Sakleshpur/Chikmagalur) | H21: 3797 | I21: USD/tonne (ICE Robusta) | J21: 67.4743 | K21: 96.6461 | L21: =((AVERAGE(D21:E21)/50/J21)/(IF(B21="Arabica",IF(ISNUMBER(SEARCH("Parchment",C21)),0.8,0.48),IF(ISNUMBER(SEARCH("Parchment",C21)),0.82,0.5))))*(1+Assumptions!$B$6)+Assumptions!$B$5+Assumptions!$B$7+Assumptions!$B$8+((AVERAGE(D21:E21)/50/J21)/(IF(B21="Arabica",IF(ISNUMBER(SEARCH("Parchment",C21)),0.8,0.48),IF(ISNUMBER(SEARCH("Parchment",C21)),0.82,0.5))))*Assumptions!$B$9 -> 8.1521326 | P21: 1-wk low, off 5.5-mo high (Arabica) | Q21: =AVERAGE(D21:E21) -> 10600 | R21: =(A21-_xlfn.MINIFS($A$2:A21,$B$2:B21,B21,$C$2:C21,C21))/7 -> 4 | S21: =_xlfn.MAXIFS($Q$2:Q21,$B$2:B21,B21,$C$2:C21,C21) -> 10600 | T21: =_xlfn.MINIFS($Q$2:Q21,$B$2:B21,B21,$C$2:C21,C21) -> 9800 | U21: =IF(R21<1,"Day 1 - building history",IF(Q21>=S21,TEXT(ROUND(R21,0),"0")&"-wk high (since tracking began)",IF(Q21<=T21,TEXT(ROUND(R21,0),"0")&"-wk low (since tracking began)",TEXT(ROUND(R21,0),"0")&"-wk range, mid-range"))) -> 4-wk high (since tracking began) | V21: =Q21/50/K21 -> 2.1935701 | W21: =IF(B21="Arabica",H21/100/0.45359237,H21/1000) -> 3.797 | X21: =IF(AND((A21-_xlfn.MINIFS($A$2:A21,$B$2:B21,B21,$C$2:C21,C21))>=180,Q21<=_xlfn.MINIFS($Q$2:Q21,$B$2:B21,B21,$C$2:C21,C21,$A$2:A21,">="&(A21-180))),"6-MONTH LOW - historically cheap, safer to buy",IF(AND((A21-_xlfn.MINIFS($A$2:A21,$B$2:B21,B21,$C$2:C21,C21))>=180,Q21>=_xlfn.MAXIFS($Q$2:Q21,$B$2:B21,B21,$C$2:C21,C21,$A$2:A21,">="&(A21-180))),"6-MONTH HIGH - historically expensive, riskier to buy",IF(AND((A21-_xlfn.MINIFS($A$2:A21,$B$2:B21,B21,$C$2:C21,C21))>=90,Q21<=_xlfn.MINIFS($Q$2:Q21,$B$2:B21,B21,$C$2:C21,C21,$A$2:A21,">="&(A21-90))),"3-MONTH LOW - historically cheap, safer to buy",IF(AND((A21-_xlfn.MINIFS($A$2:A21,$B$2:B21,B21,$C$2:C21,C21))>=90,Q21>=_xlfn.MAXIFS($Q$2:Q21,$B$2:B21,B21,$C$2:C21,C21,$A$2:A21,">="&(A21-90))),"3-MONTH HIGH - historically expensive, riskier to buy",IF((A21-_xlfn.MINIFS($A$2:A21,$B$2:B21,B21,$C$2:C21,C21))>=90,"within 3/6-month range","N/A - insufficient history yet (need 90+ days)"))))) -> N/A - insufficient history yet (need 90+ days) | Y21: =V21/IF(B21="Arabica",IF(ISNUMBER(SEARCH("Parchment",C21)),0.8,0.48),IF(ISNUMBER(SEARCH("Parchment",C21)),0.82,0.5)) -> 4.3871403 | Z21: =IF(B21="Arabica",IF(ISNUMBER(SEARCH("Parchment",C21)),"80%","48%"),IF(ISNUMBER(SEARCH("Parchment",C21)),"82%","50%")) -> 50% | AA21: =IF(B21="Arabica",IF(ISNUMBER(SEARCH("Parchment",C21)),"Arabica Plantation (estimated milled)","Arabica Cherry (estimated milled)"),IF(ISNUMBER(SEARCH("Parchment",C21)),"Robusta Parchment (estimated milled)","Robusta Cherry (estimated milled)")) -> Robusta Cherry (estimated milled)

Sheet Read Me
A1: How this workbook works
A3: Price Log tab: one row per variety/grade per day, appended automatically each morning.
A5: Tracked High / Tracked Low / Range Status (columns S-U): these are computed from YOUR OWN logged history,
A6: not a third-party 52-week index. On day 1 there is no range yet - it will read 'Day 1 - building history'.
A7: As days accumulate it becomes a genuine N-week high/low (e.g. '6-wk high'), and once ~52 weeks of daily
A8: entries exist, it functions as a real 52-week high/low for that grade.
A10: Yellow cells are for YOU to fill in:
A11: - Assumptions tab: your real freight, customs, warehouse, delivery and margin numbers
A12: - Price Log columns M/N/O: no public wholesale index exists for Sydney/Newcastle green beans by origin.
A13: Log real quotes after calling suppliers (e.g. Mercanta, InterAmerican Coffee, Genovese Coffee, Complete Coffee).
A15: Est. AU Landed Cost is a CALCULATED ESTIMATE, not a real quote.
